INSERT INTO dim_date VALUES
(20240101,'2024-01-01','Monday',1,1,'January','Q1',2024,false),
(20240102,'2024-01-02','Tuesday',2,1,'January','Q1',2024,false),
(20240103,'2024-01-03','Wednesday',3,1,'January','Q1',2024,false),
(20240104,'2024-01-04','Thursday',4,1,'January','Q1',2024,false),
(20240105,'2024-01-05','Friday',5,1,'January','Q1',2024,false),
(20240106,'2024-01-06','Saturday',6,1,'January','Q1',2024,true),
(20240107,'2024-01-07','Sunday',7,1,'January','Q1',2024,true),
(20240108,'2024-01-08','Monday',8,1,'January','Q1',2024,false),
(20240109,'2024-01-09','Tuesday',9,1,'January','Q1',2024,false),
(20240110,'2024-01-10','Wednesday',10,1,'January','Q1',2024,false),
(20240111,'2024-01-11','Thursday',11,1,'January','Q1',2024,false),
(20240112,'2024-01-12','Friday',12,1,'January','Q1',2024,false),
(20240113,'2024-01-13','Saturday',13,1,'January','Q1',2024,true),
(20240114,'2024-01-14','Sunday',14,1,'January','Q1',2024,true),
(20240115,'2024-01-15','Monday',15,1,'January','Q1',2024,false),
(20240116,'2024-01-16','Tuesday',16,1,'January','Q1',2024,false),
(20240117,'2024-01-17','Wednesday',17,1,'January','Q1',2024,false),
(20240118,'2024-01-18','Thursday',18,1,'January','Q1',2024,false),
(20240119,'2024-01-19','Friday',19,1,'January','Q1',2024,false),
(20240120,'2024-01-20','Saturday',20,1,'January','Q1',2024,true),
(20240201,'2024-02-01','Thursday',1,2,'February','Q1',2024,false),
(20240202,'2024-02-02','Friday',2,2,'February','Q1',2024,false),
(20240203,'2024-02-03','Saturday',3,2,'February','Q1',2024,true),
(20240204,'2024-02-04','Sunday',4,2,'February','Q1',2024,true),
(20240205,'2024-02-05','Monday',5,2,'February','Q1',2024,false),
(20240206,'2024-02-06','Tuesday',6,2,'February','Q1',2024,false),
(20240207,'2024-02-07','Wednesday',7,2,'February','Q1',2024,false),
(20240208,'2024-02-08','Thursday',8,2,'February','Q1',2024,false),
(20240209,'2024-02-09','Friday',9,2,'February','Q1',2024,false),
(20240210,'2024-02-10','Saturday',10,2,'February','Q1',2024,true);

INSERT INTO dim_product (product_id, product_name, category, subcategory, unit_price) VALUES
('P001','Laptop','Electronics','Computers',55000),
('P002','Smartphone','Electronics','Mobile',30000),
('P003','Tablet','Electronics','Mobile',20000),
('P004','Headphones','Electronics','Accessories',2000),
('P005','Keyboard','Electronics','Accessories',1500),
('P006','Office Chair','Furniture','Seating',8000),
('P007','Study Table','Furniture','Tables',12000),
('P008','Sofa','Furniture','Living',40000),
('P009','Bookshelf','Furniture','Storage',6000),
('P010','Bed','Furniture','Bedroom',45000),
('P011','Notebook','Stationery','Paper',100),
('P012','Pen Pack','Stationery','Writing',300),
('P013','Backpack','Stationery','Bags',2500),
('P014','Calculator','Stationery','Electronics',1200),
('P015','Water Bottle','Stationery','Utility',500);

INSERT INTO dim_customer (customer_id, customer_name, city, state, customer_segment) VALUES
('C001','Anita Sharma','Delhi','Delhi','Retail'),
('C002','Rohit Mehta','Mumbai','Maharashtra','Retail'),
('C003','Neha Verma','Bangalore','Karnataka','Corporate'),
('C004','Amit Patel','Ahmedabad','Gujarat','Retail'),
('C005','Priya Singh','Delhi','Delhi','Corporate'),
('C006','Kunal Shah','Mumbai','Maharashtra','Retail'),
('C007','Sneha Iyer','Bangalore','Karnataka','Retail'),
('C008','Rahul Jain','Ahmedabad','Gujarat','Corporate'),
('C009','Pooja Nair','Bangalore','Karnataka','Retail'),
('C010','Vikram Rao','Mumbai','Maharashtra','Corporate'),
('C011','Simran Kaur','Delhi','Delhi','Retail'),
('C012','Arjun Malhotra','Ahmedabad','Gujarat','Retail');

INSERT INTO fact_sales (date_key, product_key, customer_key, quantity_sold, unit_price, discount_amount, total_amount) VALUES
(20240101,1,1,4,55000,5000,215000),
(20240102,2,2,5,30000,0,150000),
(20240103,3,3,4,20000,2000,78000),
(20240104,4,4,3,2000,0,6000),
(20240105,5,5,4,1500,0,6000),
(20240106,6,6,5,8000,1000,39000),
(20240107,7,7,4,12000,2000,46000),
(20240108,8,8,3,40000,5000,115000),
(20240109,9,1,4,6000,0,24000),
(20240110,10,2,5,45000,5000,220000),
(20240111,1,3,4,55000,5000,215000),
(20240112,2,4,5,30000,0,150000),
(20240113,3,5,4,20000,2000,78000),
(20240114,4,6,3,2000,0,6000),
(20240115,5,7,4,1500,0,6000),
(20240116,6,8,5,8000,1000,39000),
(20240117,7,1,4,12000,2000,46000),
(20240118,8,2,3,40000,5000,115000),
(20240119,9,3,4,6000,0,24000),
(20240120,10,4,5,45000,5000,220000),
(20240201,1,5,4,55000,5000,215000),
(20240202,2,6,4,30000,0,120000),
(20240203,3,7,4,20000,2000,78000),
(20240204,4,8,3,2000,0,6000),
(20240205,5,1,4,1500,0,6000),
(20240206,6,2,4,8000,1000,31000),
(20240207,7,3,4,12000,2000,46000),
(20240208,8,4,3,40000,5000,115000),
(20240209,9,5,4,6000,0,24000),
(20240210,10,6,4,45000,5000,175000),
(20240201,1,7,4,55000,5000,215000),
(20240202,2,8,4,30000,0,120000),
(20240203,3,1,4,20000,2000,78000),
(20240204,4,2,3,2000,0,6000),
(20240205,5,3,4,1500,0,6000),
(20240206,6,4,4,8000,1000,31000),
(20240207,7,5,4,12000,2000,46000),
(20240208,8,6,3,40000,5000,115000),
(20240209,9,7,4,6000,0,24000),
(20240210,10,8,4,45000,5000,175000);

